<Plati>
    <Linie>
        <TipDocument><![CDATA[Chitanta]]></TipDocument>
        <Data><![CDATA[04.08.2025]]></Data>
        <Numar><![CDATA[VLC0001]]></Numar>
        <Suma><![CDATA[41.64]]></Suma>
        <Cont>5311</Cont>
        <ContFurnizor></ContFurnizor>
        <Explicatie><![CDATA[contravaloarea facturii seria  nr VLF0001 din data de 04.08.2025]]></Explicatie>
        <FacturaID><![CDATA[13139642]]></FacturaID>
        <FacturaNumar><![CDATA[VLF0001]]></FacturaNumar>
        <CodFiscal></CodFiscal>
    </Linie>
    <Linie>
        <TipDocument><![CDATA[Chitanta]]></TipDocument>
        <Data><![CDATA[06.08.2025]]></Data>
        <Numar><![CDATA[CAV 24002]]></Numar>
        <Suma><![CDATA[314.94]]></Suma>
        <Cont>5311</Cont>
        <ContFurnizor></ContFurnizor>
        <Explicatie><![CDATA[contravaloarea facturii seria  nr ASV-23-25/SOLO din data de 06.08.2025]]></Explicatie>
        <FacturaID><![CDATA[13185087]]></FacturaID>
        <FacturaNumar><![CDATA[ASV-23-25/SOLO]]></FacturaNumar>
        <CodFiscal></CodFiscal>
    </Linie>
    <Linie>
        <TipDocument><![CDATA[Chitanta]]></TipDocument>
        <Data><![CDATA[07.08.2025]]></Data>
        <Numar><![CDATA[1]]></Numar>
        <Suma><![CDATA[378.45]]></Suma>
        <Cont>5311</Cont>
        <ContFurnizor></ContFurnizor>
        <Explicatie><![CDATA[contravaloarea facturii seria  nr FAE093 din data de 07.08.2025]]></Explicatie>
        <FacturaID><![CDATA[13185084]]></FacturaID>
        <FacturaNumar><![CDATA[FAE093]]></FacturaNumar>
        <CodFiscal></CodFiscal>
    </Linie>
    <Linie>
        <TipDocument><![CDATA[Chitanta]]></TipDocument>
        <Data><![CDATA[13.08.2025]]></Data>
        <Numar><![CDATA[CAV 24003]]></Numar>
        <Suma><![CDATA[113.77]]></Suma>
        <Cont>5311</Cont>
        <ContFurnizor></ContFurnizor>
        <Explicatie><![CDATA[contravaloarea facturii seria  nr ASV-24-25/SOLO din data de 13.08.2025]]></Explicatie>
        <FacturaID><![CDATA[13185120]]></FacturaID>
        <FacturaNumar><![CDATA[ASV-24-25/SOLO]]></FacturaNumar>
        <CodFiscal></CodFiscal>
    </Linie>
    <Linie>
        <TipDocument><![CDATA[Chitanta]]></TipDocument>
        <Data><![CDATA[14.08.2025]]></Data>
        <Numar><![CDATA[2]]></Numar>
        <Suma><![CDATA[99.76]]></Suma>
        <Cont>5311</Cont>
        <ContFurnizor></ContFurnizor>
        <Explicatie><![CDATA[contravaloarea facturii seria  nr FAE096 din data de 14.08.2025]]></Explicatie>
        <FacturaID><![CDATA[13185327]]></FacturaID>
        <FacturaNumar><![CDATA[FAE096]]></FacturaNumar>
        <CodFiscal></CodFiscal>
    </Linie>
    <Linie>
        <TipDocument><![CDATA[Chitanta]]></TipDocument>
        <Data><![CDATA[16.08.2025]]></Data>
        <Numar><![CDATA[VLC 0002]]></Numar>
        <Suma><![CDATA[298.74]]></Suma>
        <Cont>5311</Cont>
        <ContFurnizor></ContFurnizor>
        <Explicatie><![CDATA[contravaloarea facturii seria  nr VLF0002 din data de 16.08.2025]]></Explicatie>
        <FacturaID><![CDATA[13185333]]></FacturaID>
        <FacturaNumar><![CDATA[VLF0002]]></FacturaNumar>
        <CodFiscal></CodFiscal>
    </Linie>
    <Linie>
        <TipDocument><![CDATA[Chitanta]]></TipDocument>
        <Data><![CDATA[28.08.2025]]></Data>
        <Numar><![CDATA[CAV 24004]]></Numar>
        <Suma><![CDATA[130.45]]></Suma>
        <Cont>5311</Cont>
        <ContFurnizor></ContFurnizor>
        <Explicatie><![CDATA[contravaloarea facturii seria  nr ASV-25-25/SOLO din data de 28.08.2025]]></Explicatie>
        <FacturaID><![CDATA[13252827]]></FacturaID>
        <FacturaNumar><![CDATA[ASV-25-25/SOLO]]></FacturaNumar>
        <CodFiscal></CodFiscal>
    </Linie>
</Plati>