#,Comerciant,Id,"Data platii","Data operatiei",Procesat,Creditat,Comision,TVA,Moneda,"Discount campanie","Discount refund campanie",Prenume,Nume,Email,Telefon,Descriere,"Metoda de plata","ID Terminal","Numar rate",Banca,RRN,"Bin card","Cod tara","Categorie card"
53433896,BankTransfer:80739,,"2025-09-22 00:00:00","2025-09-08 22:20:12",0.00000,0.00000,-5.00000,-1.05,RON,0.00000,0.00,,,,,"Bank transfer BatchId : 53081249",,,,,,,,
53433896,Gomag,2018,"2025-09-22 00:00:00","2025-09-18 00:25:42",147.54000,0.00000,0.00000,0,RON,0.00000,0.00,Veniamin,Gordaș,g2205096@gmail.com,40751588573,"Comanda nr. 3115400084 - nortia.ro",3,35545,1,,526021239730,,,
53433896,Gomag,2018,"2025-09-22 00:00:00","2025-09-18 00:25:42",0.00000,0.00000,-0.30000,-0.063,RON,0.00000,0.00,Veniamin,Gordaș,g2205096@gmail.com,40751588573,"Comanda nr. 3115400084 - nortia.ro",3,35545,1,,526021239730,,,
53433896,Gomag,2018,"2025-09-22 00:00:00","2025-09-18 00:25:42",0.00000,0.00000,-1.46065,-0.30674,RON,0.00000,0.00,Veniamin,Gordaș,g2205096@gmail.com,40751588573,"Comanda nr. 3115400084 - nortia.ro",3,35545,1,,526021239730,,,
53433896,Gomag,2026,"2025-09-22 00:00:00","2025-09-18 21:50:20",129.70000,0.00000,0.00000,0,RON,0.00000,0.00,Florin,stanila,stanila68@yahoo.com,40787301520,"Comanda nr. 3115400195 - nortia.ro",3,35545,1,"Raiffeisen Bank",526118735295,438955,642,DVDC
53433896,Gomag,2026,"2025-09-22 00:00:00","2025-09-18 21:50:20",0.00000,0.00000,-0.30000,-0.063,RON,0.00000,0.00,Florin,stanila,stanila68@yahoo.com,40787301520,"Comanda nr. 3115400195 - nortia.ro",3,35545,1,"Raiffeisen Bank",526118735295,438955,642,DVDC
53433896,Gomag,2026,"2025-09-22 00:00:00","2025-09-18 21:50:20",0.00000,0.00000,-1.28403,-0.26965,RON,0.00000,0.00,Florin,stanila,stanila68@yahoo.com,40787301520,"Comanda nr. 3115400195 - nortia.ro",3,35545,1,"Raiffeisen Bank",526118735295,438955,642,DVDC
