#,Comerciant,Id,"Data platii","Data operatiei",Procesat,Creditat,Comision,TVA,Moneda,"Discount campanie","Discount refund campanie",Prenume,Nume,Email,Telefon,Descriere,"Metoda de plata","ID Terminal","Numar rate",Banca,RRN,"Bin card","Cod tara","Categorie card"
52500782,Gomag,1631,"2025-08-19 00:00:00","2025-08-08 19:00:34",0.00000,0.00000,5.37273,1.12827,RON,0.00000,0.00,"Spo Energy S.R.L.",RO45424782,Ionatanphone@gmail.com,40743455939,"Comanda nr. 433759877 - nortia.ro",3,35545,1,"REGIONS BANK",522016033810,486924,840,IVDC
52500782,BankTransfer:80739,,"2025-08-19 00:00:00","2025-08-12 00:40:10",0.00000,0.00000,-5.00000,-1.05,RON,0.00000,0.00,,,,,"Bank transfer BatchId : 52304098",,,,,,,,
52500782,Gomag,1680,"2025-08-19 00:00:00","2025-08-12 11:48:00",1692.52000,0.00000,0.00000,0,RON,0.00000,0.00,"Mggp Engineering S.R.L.",RO49446589,radu.iordache@mggp.com.ro,40762268666,"Comanda nr. 434341261 - nortia.ro",3,35545,1,"ING BANK",522408854360,432254,642,ZDVBD
52500782,Gomag,1680,"2025-08-19 00:00:00","2025-08-12 11:48:00",0.00000,0.00000,-0.30000,-0.063,RON,0.00000,0.00,"Mggp Engineering S.R.L.",RO49446589,radu.iordache@mggp.com.ro,40762268666,"Comanda nr. 434341261 - nortia.ro",3,35545,1,"ING BANK",522408854360,432254,642,ZDVBD
52500782,Gomag,1680,"2025-08-19 00:00:00","2025-08-12 11:48:00",0.00000,0.00000,-16.75595,-3.51875,RON,0.00000,0.00,"Mggp Engineering S.R.L.",RO49446589,radu.iordache@mggp.com.ro,40762268666,"Comanda nr. 434341261 - nortia.ro",3,35545,1,"ING BANK",522408854360,432254,642,ZDVBD
52500782,Gomag,1680,"2025-08-19 00:00:00","2025-08-13 16:33:58",0.00000,0.00000,0.26423,0.05549,RON,0.00000,0.00,"Mggp Engineering S.R.L.",RO49446589,radu.iordache@mggp.com.ro,40762268666,"Comanda nr. 434341261 - nortia.ro",3,35545,1,"ING BANK",522513954086,432254,642,ZDVBD
52500782,Gomag,1680,"2025-08-19 00:00:00","2025-08-13 16:33:58",0.00000,-26.69000,0.00000,-0,RON,0.00000,0.00,"Mggp Engineering S.R.L.",RO49446589,radu.iordache@mggp.com.ro,40762268666,"Comanda nr. 434341261 - nortia.ro",3,35545,1,"ING BANK",522513954086,432254,642,ZDVBD
