<Plati>
    <Linie>
        <TipDocument><![CDATA[Chitanta]]></TipDocument>
        <Data><![CDATA[03.09.2025]]></Data>
        <Numar><![CDATA[CAV 24005]]></Numar>
        <Suma><![CDATA[205.46]]></Suma>
        <Cont>5311</Cont>
        <ContFurnizor></ContFurnizor>
        <Explicatie><![CDATA[contravaloarea facturii seria  nr ASV-26-25/SOLO din data de 03.09.2025]]></Explicatie>
        <FacturaID><![CDATA[13351683]]></FacturaID>
        <FacturaNumar><![CDATA[ASV-26-25/SOLO]]></FacturaNumar>
        <CodFiscal></CodFiscal>
    </Linie>
    <Linie>
        <TipDocument><![CDATA[Chitanta]]></TipDocument>
        <Data><![CDATA[11.09.2025]]></Data>
        <Numar><![CDATA[CH 3]]></Numar>
        <Suma><![CDATA[135.07]]></Suma>
        <Cont>5311</Cont>
        <ContFurnizor></ContFurnizor>
        <Explicatie><![CDATA[contravaloarea facturii seria  nr FAE100 din data de 11.09.2025]]></Explicatie>
        <FacturaID><![CDATA[13328823]]></FacturaID>
        <FacturaNumar><![CDATA[FAE100]]></FacturaNumar>
        <CodFiscal></CodFiscal>
    </Linie>
    <Linie>
        <TipDocument><![CDATA[Chitanta]]></TipDocument>
        <Data><![CDATA[26.09.2025]]></Data>
        <Numar><![CDATA[CH 04]]></Numar>
        <Suma><![CDATA[230.22]]></Suma>
        <Cont>5311</Cont>
        <ContFurnizor></ContFurnizor>
        <Explicatie><![CDATA[contravaloarea facturii seria  nr FAE102 din data de 26.09.2025]]></Explicatie>
        <FacturaID><![CDATA[13396386]]></FacturaID>
        <FacturaNumar><![CDATA[FAE102]]></FacturaNumar>
        <CodFiscal></CodFiscal>
    </Linie>
    <Linie>
        <TipDocument><![CDATA[Bon fiscal]]></TipDocument>
        <Data><![CDATA[29.09.2025]]></Data>
        <Numar><![CDATA[114]]></Numar>
        <Suma><![CDATA[249.98]]></Suma>
        <Cont>5311</Cont>
        <ContFurnizor></ContFurnizor>
        <Explicatie><![CDATA[Combustibil]]></Explicatie>
        <FacturaID><![CDATA[]]></FacturaID>
        <FacturaNumar><![CDATA[]]></FacturaNumar>
        <CodFiscal></CodFiscal>
    </Linie>
</Plati>