#,Comerciant,Id,"Data platii","Data operatiei",Procesat,Creditat,Comision,TVA,Moneda,"Discount campanie","Discount refund campanie",Prenume,Nume,Email,Telefon,Descriere,"Metoda de plata","ID Terminal","Numar rate",Banca,RRN,"Bin card","Cod tara","Categorie card"
52173753,Gomag,1571,"2025-08-06 00:00:00","2025-08-02 22:24:30",146.52000,0.00000,0.00000,0,RON,0.00000,0.00,"Mihai Daniel",Colac,colac_mihai1987@yahoo.com,40732978170,"Comanda nr. 433333959 - nortia.ro",3,35545,1,"Revolut (virtual)",521419121636,416598,826,IVDC
52173753,Gomag,1571,"2025-08-06 00:00:00","2025-08-02 22:24:30",0.00000,0.00000,-0.30000,-0.063,RON,0.00000,0.00,"Mihai Daniel",Colac,colac_mihai1987@yahoo.com,40732978170,"Comanda nr. 433333959 - nortia.ro",3,35545,1,"Revolut (virtual)",521419121636,416598,826,IVDC
52173753,Gomag,1571,"2025-08-06 00:00:00","2025-08-02 22:24:30",0.00000,0.00000,-1.45055,-0.30462,RON,0.00000,0.00,"Mihai Daniel",Colac,colac_mihai1987@yahoo.com,40732978170,"Comanda nr. 433333959 - nortia.ro",3,35545,1,"Revolut (virtual)",521419121636,416598,826,IVDC
52173753,BankTransfer:80739,,"2025-08-06 00:00:00","2025-08-04 21:00:18",0.00000,0.00000,-5.00000,-1.05,RON,0.00000,0.00,,,,,"Bank transfer BatchId : 52111808",,,,,,,,
