#,Comerciant,Id,"Data platii","Data operatiei",Procesat,Creditat,Comision,TVA,Moneda,"Discount campanie","Discount refund campanie",Prenume,Nume,Email,Telefon,Descriere,"Metoda de plata","ID Terminal","Numar rate",Banca,RRN,"Bin card","Cod tara","Categorie card"
52111808,Gomag,1515,"2025-08-04 00:00:00","2025-07-30 06:50:30",76.46000,0.00000,0.00000,0,RON,0.00000,0.00,Spinean,"Ana maria",spineana@yahoo.com,40754227908,"Comanda nr. 432896121 - nortia.ro",3,35545,1,BCR,248739956791,517045,642,DMCC
52111808,Gomag,1515,"2025-08-04 00:00:00","2025-07-30 06:50:30",0.00000,0.00000,-0.30000,-0.057,RON,0.00000,0.00,Spinean,"Ana maria",spineana@yahoo.com,40754227908,"Comanda nr. 432896121 - nortia.ro",3,35545,1,BCR,248739956791,517045,642,DMCC
52111808,Gomag,1515,"2025-08-04 00:00:00","2025-07-30 06:50:30",0.00000,0.00000,-0.75695,-0.14382,RON,0.00000,0.00,Spinean,"Ana maria",spineana@yahoo.com,40754227908,"Comanda nr. 432896121 - nortia.ro",3,35545,1,BCR,248739956791,517045,642,DMCC
52111808,Gomag,1547,"2025-08-04 00:00:00","2025-07-31 19:40:42",119.93000,0.00000,0.00000,0,RON,0.00000,0.00,Tudorel,Iordache,jordaket1996@gmail.com,40758280992,"Comanda nr. 433113647 - nortia.ro",3,35545,1,"Raiffeisen Bank",521216227612,438955,642,DVDC
52111808,Gomag,1547,"2025-08-04 00:00:00","2025-07-31 19:40:42",0.00000,0.00000,-0.30000,-0.057,RON,0.00000,0.00,Tudorel,Iordache,jordaket1996@gmail.com,40758280992,"Comanda nr. 433113647 - nortia.ro",3,35545,1,"Raiffeisen Bank",521216227612,438955,642,DVDC
52111808,Gomag,1547,"2025-08-04 00:00:00","2025-07-31 19:40:42",0.00000,0.00000,-1.18731,-0.22559,RON,0.00000,0.00,Tudorel,Iordache,jordaket1996@gmail.com,40758280992,"Comanda nr. 433113647 - nortia.ro",3,35545,1,"Raiffeisen Bank",521216227612,438955,642,DVDC
52111808,BankTransfer:80739,,"2025-08-04 00:00:00","2025-08-01 20:40:36",0.00000,0.00000,-6.00000,-1.26,RON,0.00000,0.00,,,,,"Bank transfer BatchId : 52014523",,,,,,,,
