#,Comerciant,Id,"Data platii","Data operatiei",Procesat,Creditat,Comision,TVA,Moneda,"Discount campanie","Discount refund campanie",Prenume,Nume,Email,Telefon,Descriere,"Metoda de plata","ID Terminal","Numar rate",Banca,RRN,"Bin card","Cod tara","Categorie card"
53541659,Gomag,2059,"2025-09-26 00:00:00","2025-09-22 12:49:15",161.97000,0.00000,0.00000,0,RON,0.00000,0.00,Papp,Denis,pappdenis4@gmail.com,40752170665,"Comanda nr. 3115400505 - nortia.ro",3,35545,1,,526509439970,,,
53541659,Gomag,2059,"2025-09-26 00:00:00","2025-09-22 12:49:15",0.00000,0.00000,-0.30000,-0.063,RON,0.00000,0.00,Papp,Denis,pappdenis4@gmail.com,40752170665,"Comanda nr. 3115400505 - nortia.ro",3,35545,1,,526509439970,,,
53541659,Gomag,2059,"2025-09-26 00:00:00","2025-09-22 12:49:15",0.00000,0.00000,-1.60350,-0.33674,RON,0.00000,0.00,Papp,Denis,pappdenis4@gmail.com,40752170665,"Comanda nr. 3115400505 - nortia.ro",3,35545,1,,526509439970,,,
53541659,BankTransfer:80739,,"2025-09-26 00:00:00","2025-09-22 23:50:14",0.00000,0.00000,-5.00000,-1.05,RON,0.00000,0.00,,,,,"Bank transfer BatchId : 53433896",,,,,,,,
